<?xml version="1.0" encoding="UTF-8"?>
<project-private xmlns="http://www.netbeans.org/ns/project-private/1">
    <editor-bookmarks xmlns="http://www.netbeans.org/ns/editor-bookmarks/2" lastBookmarkId="0"/>
    <open-files xmlns="http://www.netbeans.org/ns/projectui-open-files/2">
        <group>
            <file>file:/C:/Users/reyad/Desktop/Hospital-Management%20Sayef/src/database/model/DatabaseConnection.java</file>
            <file>file:/C:/Users/reyad/Desktop/Hospital-Management%20Sayef/src/model/ReportModel.java</file>
            <file>file:/C:/Users/reyad/Desktop/Hospital-Management%20Sayef/src/model/PatientModel.java</file>
            <file>file:/C:/Users/reyad/Desktop/Hospital-Management%20Sayef/src/hospital/management/design/ReportFrame.java</file>
            <file>file:/C:/Users/reyad/Desktop/Hospital-Management%20Sayef/src/hospital/management/design/LaboratorianFrame.java</file>
            <file>file:/C:/Users/reyad/Desktop/Hospital-Management%20Sayef/src/hospital/management/design/NurseFrame.java</file>
            <file>file:/C:/Users/reyad/Desktop/Hospital-Management%20Sayef/src/database/NurseDatabase.java</file>
            <file>file:/C:/Users/reyad/Desktop/Hospital-Management%20Sayef/src/hospital/management/design/Login.java</file>
            <file>file:/C:/Users/reyad/Desktop/Hospital-Management%20Sayef/src/hospital/management/HospitalManagement.java</file>
            <file>file:/C:/Users/reyad/Desktop/Hospital-Management%20Sayef/src/database/DoctorDatabase.java</file>
            <file>file:/C:/Users/reyad/Desktop/Hospital-Management%20Sayef/src/hospital/management/design/ReceptionistFrame.java</file>
            <file>file:/C:/Users/reyad/Desktop/Hospital-Management%20Sayef/src/database/PatientDatabase.java</file>
            <file>file:/C:/Users/reyad/Desktop/Hospital-Management%20Sayef/src/hospital/management/design/DoctorFrame.java</file>
            <file>file:/C:/Users/reyad/Desktop/Hospital-Management%20Sayef/src/database/ReportDatabase.java</file>
        </group>
    </open-files>
</project-private>
